<?xml version="1.0" encoding="UTF-8" standalone="no"?>
<robot>
	<?PSvoltage given in V?>
	<PSvoltage>12.0</PSvoltage>
	<?PScurrent given in amps?>
	<PScurrent>5.0</PScurrent>
	
	<?Mvoltage given in V?>
	<Mvoltage>1.5</Mvoltage>
	<?Mcurrent given in amps?>
	<Mcurrent>0.66</Mcurrent>
	<?Mspeed given in rpm?>
	<Mspeed>6990.0</Mspeed>
	<?Mtorque given in Nm?>
	<Mtorque>0.00135</Mtorque>
	<?Mdrive_shaft given in cm?>
	<Mdrive_shaft>2.0</Mdrive_shaft>
	
	<?Wilength given in m?>
	<Wilength>1.5</Wilength>
	<?Wiresistance given in ohms?>
	<Wiresistance>29E-7</Wiresistance>
	<?wiarea given in m?>
	<Wiarea>5.2E-7</Wiarea>
	<?Wiresistivity given in ro(ohm m)?>
	<Wiresistivity>1.72E-8</Wiresistivity>
	<Wicicuit_type>parallel</Wicicuit_type>
	
	<?Wediameter given in cm?>
	<Wediameter>5.0</Wediameter>
	<Wecoefficient>0.5</Wecoefficient>
	
	<?weight is actually mass given in kg?>
	<weight>2.5</weight>
</robot>
